market,state
Atlanta,GA
Austin,TX
Baltimore,MD
Boston,MA
Boston,NH
Charlotte,NC
Chicago,IL
Chicago Suburbs,IL
Dallas/Ft Worth,TX
Denver,CO
Detroit,MI
Houston,TX
Los Angeles,CA
Manhattan,NY
Nashville,TN
Northern New Jersey,NJ
Northern Virginia,VA
Orange County,CA
Philadelphia,PA
Philadelphia,NJ
Philadelphia,DE
Phoenix,AZ
Raleigh/Durham,NC
Salt Lake City,UT
San Diego,CA
San Francisco,CA
Seattle,WA
South Bay/San Jose,CA
South Florida,FL
Southern Maryland,MD
Tampa,FL
Washington D.C.,DC
Charlotte,SC
